target,collocate,exp_local,obs_local,ratio_local,obs_global,p_value
祥子,知道,10.549879558102832,21,1.9905440516494766,156,0.0020011191645917465
祥子,心中,10.346997258908548,21,2.029574327172015,153,0.0015694436486213441
祥子,先生,12.105310518592352,21,1.7347758215492644,179,0.00988974752014364
祥子,骆驼,6.018841542763796,13,2.1598840753050497,89,0.006788147183609531
祥子,小福子,5.680704377439986,13,2.288448603597017,84,0.004129465173669979
祥子,忽然,5.613076944375225,12,2.137864867864498,83,0.009839372271780725
祥子,出去,5.004430046792369,11,2.198052504910233,74,0.010742497459706457
祥子,老头子,5.81595924356951,11,1.891347504225084,86,0.030215368212899604
祥子,看著,3.246116787108564,10,3.080603889457523,48,0.0012021643539448692
祥子,回来,5.139684912921893,10,1.945644561762646,76,0.0317796080780621
祥子,看见,4.801547747598084,10,2.0826617844219872,71,0.02078766071083233
祥子,高妈,2.975607054849517,10,3.3606587884991157,44,0.0005840988215874106
祥子,主意,4.26052828307999,9,2.1124140956280155,63,0.025291266474315302
祥子,大概,2.366960157266661,7,2.957379733879222,35,0.008076635275904723
祥子,一眼,2.434587590331423,7,2.8752302968270214,36,0.009452636948477354
祥子,老程,2.7050973225904698,7,2.5877072671443195,40,0.01669375035618606
祥子,低著头,1.2172937951657115,6,4.928966223132036,18,0.0008702615972906189
祥子,找到,1.9611955588780907,6,3.059358345392299,29,0.01174128976095194
祥子,老者,1.9611955588780907,5,2.5494652878269157,29,0.04301548553468224
祥子,哆嗦,1.4201760943599966,5,3.5206901593800266,21,0.011513701790334382
祥子,始终,1.3525486612952349,5,3.6967246673490277,20,0.009280440058693471
祥子,意思,1.4878035274247585,5,3.3606587884991157,22,0.014086007391661593
祥子,独自,1.7583132596838054,5,2.843634359499252,26,0.028138061523995367
祥子,呆呆,1.6906858266190437,5,2.9573797338792223,25,0.024028505329276265
祥子,言语,0.6086468975828557,5,8.214943705220062,9,0.00014117327899206925
祥子,挣钱,1.2172937951657115,4,3.2859774820880245,18,0.029745005304652298
祥子,本来,1.2849212282304732,4,3.1130312988202338,19,0.03571318115673707
祥子,回到,1.2849212282304732,4,3.1130312988202338,19,0.03571318115673707
祥子,眼中,0.7439017637123793,4,5.377054061598585,11,0.0046860947829455895
祥子,活著,1.1496663621009497,4,3.4792702751520257,17,0.024411006590261644
祥子,面前,0.811529196777141,4,4.928966223132036,12,0.006655677290650413
祥子,赶紧,0.9467840629066645,4,4.224828191256031,14,0.012072388431609918
祥子,汽车,1.4201760943599966,4,2.8165521275040213,21,0.04957022825834468
祥子,低声,0.6086468975828557,4,6.571954964176049,9,0.0019965326551346922
祥子,拉到,0.6086468975828557,3,4.928966223132036,9,0.0190588448286889
祥子,点儿,0.811529196777141,3,3.6967246673490277,12,0.04287953485302855
祥子,一动,0.4057645983885705,3,7.393449334698055,6,0.005292000497798323
祥子,嘱咐,0.811529196777141,3,3.6967246673490277,12,0.04287953485302855
祥子,没说,0.6762743306476174,3,4.436069600818834,10,0.02587698627007044
祥子,主人,0.6086468975828557,3,4.928966223132036,9,0.0190588448286889
祥子,摇头,0.6762743306476174,3,4.436069600818834,10,0.02587698627007044
祥子,拚命,0.6086468975828557,3,4.928966223132036,9,0.0190588448286889
祥子,没敢,0.3381371653238087,3,8.872139201637667,5,0.0027862302091516728
祥子,把头,0.6762743306476174,3,4.436069600818834,10,0.02587698627007044
祥子,脸红,0.3381371653238087,3,8.872139201637667,5,0.0027862302091516728
祥子,辩驳,0.20288229919428524,3,14.78689866939611,3,0.0003091149361740977
祥子,自行车,0.7439017637123793,3,4.032790546198939,11,0.03382357044501271
祥子,棚里,0.47339203145333225,3,6.337242286884047,7,0.008796602942986946
祥子,收生婆,0.541019464518094,3,5.545087001023541,8,0.013371407319005265
祥子,差点,0.270509732259047,2,7.3934493346980545,4,0.025025339222204426
祥子,聪明,0.270509732259047,2,7.3934493346980545,4,0.025025339222204426
祥子,大个子,0.270509732259047,2,7.3934493346980545,4,0.025025339222204426
祥子,细细,0.3381371653238087,2,5.9147594677584445,5,0.039851411920018114
祥子,多半,0.270509732259047,2,7.3934493346980545,4,0.025025339222204426
祥子,例外,0.270509732259047,2,7.3934493346980545,4,0.025025339222204426
祥子,态度,0.270509732259047,2,7.3934493346980545,4,0.025025339222204426
祥子,照常,0.270509732259047,2,7.3934493346980545,4,0.025025339222204426
祥子,打开,0.270509732259047,2,7.3934493346980545,4,0.025025339222204426
祥子,那片,0.20288229919428524,2,9.857932446264073,3,0.013099560463770157
祥子,自傲,0.3381371653238087,2,5.9147594677584445,5,0.039851411920018114
祥子,很想,0.20288229919428524,2,9.857932446264073,3,0.013099560463770157
祥子,一看,0.270509732259047,2,7.3934493346980545,4,0.025025339222204426
祥子,盯住,0.1352548661295235,2,14.786898669396109,2,0.004572596778574738
祥子,灰土,0.3381371653238087,2,5.9147594677584445,5,0.039851411920018114
祥子,大圆,0.20288229919428524,2,9.857932446264073,3,0.013099560463770157
祥子,猜想,0.20288229919428524,2,9.857932446264073,3,0.013099560463770157
祥子,有鬼,0.1352548661295235,2,14.786898669396109,2,0.004572596778574738
祥子,发了,0.3381371653238087,2,5.9147594677584445,5,0.039851411920018114
祥子,提到,0.1352548661295235,2,14.786898669396109,2,0.004572596778574738
祥子,看不上,0.20288229919428524,2,9.857932446264073,3,0.013099560463770157
祥子,刚要,0.3381371653238087,2,5.9147594677584445,5,0.039851411920018114
祥子,转转,0.20288229919428524,2,9.857932446264073,3,0.013099560463770157
祥子,背上,0.270509732259047,2,7.3934493346980545,4,0.025025339222204426
祥子,找补,0.20288229919428524,2,9.857932446264073,3,0.013099560463770157
祥子,哭音,0.1352548661295235,2,14.786898669396109,2,0.004572596778574738
祥子,右肘,0.20288229919428524,2,9.857932446264073,3,0.013099560463770157
祥子,这要,0.1352548661295235,2,14.786898669396109,2,0.004572596778574738
祥子,兜儿,0.1352548661295235,2,14.786898669396109,2,0.004572596778574738
祥子,钱来,0.270509732259047,2,7.3934493346980545,4,0.025025339222204426
祥子,往西,0.1352548661295235,2,14.786898669396109,2,0.004572596778574738
祥子,钞票,0.270509732259047,2,7.3934493346980545,4,0.025025339222204426
祥子,同著,0.270509732259047,2,7.3934493346980545,4,0.025025339222204426
祥子,电影,0.270509732259047,2,7.3934493346980545,4,0.025025339222204426
祥子,眼瞪得,0.1352548661295235,2,14.786898669396109,2,0.004572596778574738
祥子,煤气灯,0.20288229919428524,2,9.857932446264073,3,0.013099560463770157
祥子,陪著,0.3381371653238087,2,5.9147594677584445,5,0.039851411920018114
祥子,早已,0.20288229919428524,2,9.857932446264073,3,0.013099560463770157
祥子,唬吓,0.20288229919428524,2,9.857932446264073,3,0.013099560463770157
祥子,头等,0.1352548661295235,2,14.786898669396109,2,0.004572596778574738
祥子,在家,0.270509732259047,2,7.3934493346980545,4,0.025025339222204426
祥子,笨手笨脚,0.1352548661295235,2,14.786898669396109,2,0.004572596778574738
祥子,德胜门,0.1352548661295235,2,14.786898669396109,2,0.004572596778574738
祥子,栗子,0.1352548661295235,2,14.786898669396109,2,0.004572596778574738
祥子,城根,0.3381371653238087,2,5.9147594677584445,5,0.039851411920018114
