collocate,pattern,window5_obs,window5_ratio,window5_p,window5_sig,window10_obs,window10_ratio,window10_p,window10_sig,sentence_obs,sentence_ratio,sentence_p,sentence_sig
先生,三组共有,21,1.735,0.00988974752014364,True,40,2.079,5.621380126065821e-06,True,41,1.617,0.0008172549469626705,True
心中,三组共有,21,2.03,0.0015694436486213441,True,31,1.885,0.0003879062952498006,True,40,1.715,0.00025821273231109036,True
忽然,三组共有,12,2.138,0.009839372271780725,True,16,1.794,0.014614786256143186,True,20,1.638,0.014713100927678783,True
出去,三组共有,11,2.198,0.010742497459706457,True,15,1.886,0.011330108203820391,True,19,1.71,0.01083531222420905,True
看见,三组共有,10,2.083,0.02078766071083233,True,15,1.966,0.0077179985822070545,True,18,1.691,0.014509672395081335,True
高妈,三组共有,10,3.361,0.0005840988215874106,True,12,2.538,0.0018363211165098277,True,14,2.08,0.004349291252512953,True
看著,三组共有,10,3.081,0.0012021643539448692,True,13,2.52,0.0012917332141970021,True,13,1.845,0.017267103794163553,True
老程,三组共有,7,2.588,0.01669375035618606,True,12,2.791,0.0007308370717426452,True,12,2.017,0.0105052110962166,True
一眼,三组共有,7,2.875,0.009452636948477354,True,10,2.585,0.003729681445595917,True,11,1.952,0.018121763758818053,True
找到,三组共有,6,3.059,0.01174128976095194,True,7,2.246,0.030738810534610195,True,10,2.203,0.009783185991834325,True
低著头,三组共有,6,4.929,0.0008702615972906189,True,9,4.652,3.726337222265078e-05,True,9,3.194,0.0006865473026510104,True
哆嗦,三组共有,5,3.521,0.011513701790334382,True,6,2.659,0.020086741161961852,True,9,2.738,0.002667037822167596,True
意思,三组共有,5,3.361,0.014086007391661593,True,8,3.384,0.0014115153417308833,True,8,2.323,0.014398059057623848,True
本来,三组共有,4,3.113,0.03571318115673707,True,5,2.449,0.046029729665440895,True,8,2.69,0.005245386228503398,True
汽车,三组共有,4,2.817,0.04957022825834468,True,7,3.102,0.004905878786432233,True,6,2.129,0.049906289856795676,True
言语,三组共有,5,8.215,0.00014117327899206925,True,5,5.169,0.0012420603788092471,True,5,3.549,0.006738558275466955,True
自行车,三组共有,3,4.033,0.03382357044501271,True,4,3.384,0.02364049753063049,True,5,2.904,0.01882432819720306,True
眼中,三组共有,4,5.377,0.0046860947829455895,True,4,3.384,0.02364049753063049,True,5,3.194,0.011759518186109838,True
没说,三组共有,3,4.436,0.02587698627007044,True,4,3.722,0.016420357249508695,True,5,3.194,0.011759518186109838,True
没敢,三组共有,3,8.872,0.0027862302091516728,True,4,7.444,0.0006092539767256839,True,4,5.111,0.0026090543297214996,True
脸红,三组共有,3,8.872,0.0027862302091516728,True,4,7.444,0.0006092539767256839,True,4,5.111,0.0026090543297214996,True
低声,三组共有,4,6.572,0.0019965326551346922,True,4,4.136,0.010757948198584399,True,4,2.839,0.03893391514819713,True
收生婆,三组共有,3,5.545,0.013371407319005265,True,3,3.489,0.045892611607727854,True,4,3.194,0.024624867648922244,True
自傲,三组共有,2,5.915,0.039851411920018114,True,3,5.583,0.010494666221207587,True,3,3.833,0.029835027719692975,True
钞票,三组共有,2,7.393,0.025025339222204426,True,3,6.979,0.004563418874611125,True,3,4.791,0.013499443685665713,True
右肘,三组共有,2,9.858,0.013099560463770157,True,3,9.305,0.0012408347590043814,True,3,6.388,0.0038219338836570195,True
城根,三组共有,2,5.915,0.039851411920018114,True,3,5.583,0.010494666221207587,True,3,3.833,0.029835027719692975,True
同著,三组共有,2,7.393,0.025025339222204426,True,3,6.979,0.004563418874611125,True,3,4.791,0.013499443685665713,True
猜想,三组共有,2,9.858,0.013099560463770157,True,2,6.203,0.03216385669006664,True,3,6.388,0.0038219338836570195,True
辩驳,三组共有,3,14.787,0.0003091149361740977,True,3,9.305,0.0012408347590043814,True,2,6.388,0.024474757503651894,True
眼瞪得,三组共有,2,14.787,0.004572596778574738,True,2,9.305,0.011548508738229882,True,2,6.388,0.024474757503651894,True
头等,三组共有,2,14.787,0.004572596778574738,True,2,9.305,0.011548508738229882,True,2,6.388,0.024474757503651894,True
德胜门,三组共有,2,14.787,0.004572596778574738,True,2,9.305,0.011548508738229882,True,2,6.388,0.024474757503651894,True
哭音,三组共有,2,14.787,0.004572596778574738,True,2,9.305,0.011548508738229882,True,2,6.388,0.024474757503651894,True
笨手笨脚,三组共有,2,14.787,0.004572596778574738,True,2,9.305,0.011548508738229882,True,2,6.388,0.024474757503651894,True
这要,三组共有,2,14.787,0.004572596778574738,True,2,9.305,0.011548508738229882,True,2,6.388,0.024474757503651894,True
栗子,三组共有,2,14.787,0.004572596778574738,True,2,9.305,0.011548508738229882,True,2,6.388,0.024474757503651894,True
提到,三组共有,2,14.787,0.004572596778574738,True,2,9.305,0.011548508738229882,True,2,6.388,0.024474757503651894,True
盯住,三组共有,2,14.787,0.004572596778574738,True,2,9.305,0.011548508738229882,True,2,6.388,0.024474757503651894,True
有鬼,三组共有,2,14.787,0.004572596778574738,True,2,9.305,0.011548508738229882,True,2,6.388,0.024474757503651894,True
往西,三组共有,2,14.787,0.004572596778574738,True,2,9.305,0.011548508738229882,True,2,6.388,0.024474757503651894,True
兜儿,三组共有,2,14.787,0.004572596778574738,True,2,9.305,0.011548508738229882,True,2,6.388,0.024474757503651894,True
知道,仅窗口模式显著,21,1.991,0.0020011191645917465,True,27,1.61,0.008727476362708486,True,30,1.286,0.08143223583563099,False
老头子,仅窗口模式显著,11,1.891,0.030215368212899604,True,19,2.056,0.0017160366484930435,True,16,1.262,0.18957184885732692,False
骆驼,仅窗口模式显著,13,2.16,0.006788147183609531,True,17,1.777,0.013211827626934741,True,15,1.213,0.24645720492805714,False
小福子,仅窗口模式显著,13,2.288,0.004129465173669979,True,15,1.662,0.03336788465519175,True,15,1.183,0.279323989996448,False
大概,仅窗口模式显著,7,2.957,0.008076635275904723,True,9,2.393,0.00999098564526091,True,9,1.643,0.0847689828135433,False
活著,仅窗口模式显著,4,3.479,0.024411006590261644,True,7,3.831,0.0012072081699275585,True,4,1.825,0.16405803525596974,False
挣钱,仅窗口模式显著,4,3.286,0.029745005304652298,True,5,2.585,0.03710212352380441,True,4,1.503,0.2699327918502615,False
面前,仅窗口模式显著,4,4.929,0.006655677290650413,True,4,3.102,0.03250164691822495,True,4,2.129,0.10424201665728483,False
点儿,仅窗口模式显著,3,3.697,0.04287953485302855,True,4,3.102,0.03250164691822495,True,4,2.129,0.10424201665728483,False
一动,仅窗口模式显著,3,7.393,0.005292000497798323,True,3,4.652,0.019318028607892772,True,3,3.194,0.0528127148958626,False
棚里,仅窗口模式显著,3,6.337,0.008796602942986946,True,3,3.988,0.031131131559630917,True,3,2.738,0.08189994092543837,False
早已,仅窗口模式显著,2,9.858,0.013099560463770157,True,2,6.203,0.03216385669006664,True,2,4.259,0.0657804047444446,False
大圆,仅窗口模式显著,2,9.858,0.013099560463770157,True,2,6.203,0.03216385669006664,True,2,4.259,0.0657804047444446,False
很想,仅窗口模式显著,2,9.858,0.013099560463770157,True,2,6.203,0.03216385669006664,True,2,4.259,0.0657804047444446,False
那片,仅窗口模式显著,2,9.858,0.013099560463770157,True,2,6.203,0.03216385669006664,True,2,4.259,0.0657804047444446,False
看不上,仅窗口模式显著,2,9.858,0.013099560463770157,True,2,6.203,0.03216385669006664,True,2,4.259,0.0657804047444446,False
找补,仅窗口模式显著,2,9.858,0.013099560463770157,True,2,6.203,0.03216385669006664,True,2,4.259,0.0657804047444446,False
煤气灯,仅窗口模式显著,2,9.858,0.013099560463770157,True,2,6.203,0.03216385669006664,True,2,4.259,0.0657804047444446,False
转转,仅窗口模式显著,2,9.858,0.013099560463770157,True,2,6.203,0.03216385669006664,True,2,4.259,0.0657804047444446,False
唬吓,仅窗口模式显著,2,9.858,0.013099560463770157,True,2,6.203,0.03216385669006664,True,1,3.194,0.28860407692089773,False
虎妞,窗口 5 不显著，范围扩大后显著,16,1.352,0.13585203868110593,False,32,1.701,0.0019255835004848324,True,40,1.587,0.0013850397107743595,True
阮明,窗口 5 不显著，范围扩大后显著,5,1.946,0.1111933964932804,False,11,2.694,0.0016650824370340028,True,10,2.129,0.012670443376989077,True
点头,窗口 5 不显著，范围扩大后显著,3,1.929,0.20099142311711113,False,6,2.427,0.031037491011446237,True,9,2.5,0.005530134465713091,True
奶奶,窗口 5 不显著，范围扩大后显著,1,1.232,0.5684361517064545,False,4,3.102,0.03250164691822495,True,7,3.726,0.0008602569354828891,True
真是,窗口 5 不显著，范围扩大后显著,2,2.957,0.143414177011743,False,4,3.722,0.016420357249508695,True,6,3.833,0.001717598364901492,True
刘家,窗口 5 不显著，范围扩大后显著,1,1.232,0.5684361517064545,False,4,3.102,0.03250164691822495,True,5,2.662,0.028196537354618308,True
失去,窗口 5 不显著，范围扩大后显著,2,3.697,0.09749609563856015,False,4,4.652,0.006528664696693955,True,4,3.194,0.024624867648922244,True
很快,窗口 5 不显著，范围扩大后显著,1,1.643,0.4675366979416824,False,4,4.136,0.010757948198584399,True,4,2.839,0.03893391514819713,True
照旧,窗口 5 不显著，范围扩大后显著,2,3.697,0.09749609563856015,False,4,4.652,0.006528664696693955,True,4,3.194,0.024624867648922244,True
帮忙,窗口 5 不显著，范围扩大后显著,1,1.848,0.42891114686582993,False,3,3.489,0.045892611607727854,True,4,3.194,0.024624867648922244,True
心眼,窗口 5 不显著，范围扩大后显著,0,,,False,3,3.489,0.045892611607727854,True,4,3.194,0.024624867648922244,True
形容,窗口 5 不显著，范围扩大后显著,1,2.957,0.2953992953666074,False,3,5.583,0.010494666221207587,True,3,3.833,0.029835027719692975,True
磕头,窗口 5 不显著，范围扩大后显著,1,2.957,0.2953992953666074,False,3,5.583,0.010494666221207587,True,3,3.833,0.029835027719692975,True
早晨,窗口 5 不显著，范围扩大后显著,1,2.957,0.2953992953666074,False,3,5.583,0.010494666221207587,True,3,3.833,0.029835027719692975,True
抬起头来,窗口 5 不显著，范围扩大后显著,1,3.697,0.24428971852602122,False,3,6.979,0.004563418874611125,True,3,4.791,0.013499443685665713,True
马路,窗口 5 不显著，范围扩大后显著,1,3.697,0.24428971852602122,False,3,6.979,0.004563418874611125,True,3,4.791,0.013499443685665713,True
拾个,窗口 5 不显著，范围扩大后显著,0,,,False,2,9.305,0.011548508738229882,True,2,6.388,0.024474757503651894,True
过年,窗口 5 不显著，范围扩大后显著,1,7.393,0.1306822693470908,False,2,9.305,0.011548508738229882,True,2,6.388,0.024474757503651894,True
一拉,窗口 5 不显著，范围扩大后显著,0,,,False,2,9.305,0.011548508738229882,True,2,6.388,0.024474757503651894,True
搭讪,窗口 5 不显著，范围扩大后显著,1,7.393,0.1306822693470908,False,2,9.305,0.011548508738229882,True,2,6.388,0.024474757503651894,True
怀孕,窗口 5 不显著，范围扩大后显著,0,,,False,2,9.305,0.011548508738229882,True,2,6.388,0.024474757503651894,True
照亮,窗口 5 不显著，范围扩大后显著,1,7.393,0.1306822693470908,False,2,9.305,0.011548508738229882,True,2,6.388,0.024474757503651894,True
挨骂,窗口 5 不显著，范围扩大后显著,1,7.393,0.1306822693470908,False,2,9.305,0.011548508738229882,True,2,6.388,0.024474757503651894,True
张著,窗口 5 不显著，范围扩大后显著,1,7.393,0.1306822693470908,False,2,9.305,0.011548508738229882,True,2,6.388,0.024474757503651894,True
青春,窗口 5 不显著，范围扩大后显著,0,,,False,2,9.305,0.011548508738229882,True,2,6.388,0.024474757503651894,True
扫地,窗口 5 不显著，范围扩大后显著,1,7.393,0.1306822693470908,False,2,9.305,0.011548508738229882,True,2,6.388,0.024474757503651894,True
善意,窗口 5 不显著，范围扩大后显著,1,7.393,0.1306822693470908,False,2,9.305,0.011548508738229882,True,2,6.388,0.024474757503651894,True
拚命,窗口 5 与句子模式显著,3,4.929,0.0190588448286889,True,3,3.102,0.06345994314233552,False,4,2.839,0.03893391514819713,True
发了,窗口 5 与句子模式显著,2,5.915,0.039851411920018114,True,2,3.722,0.09261071337208962,False,3,3.833,0.029835027719692975,True
主意,仅窗口 5 显著,9,2.112,0.025291266474315302,True,11,1.625,0.07125924002973301,False,14,1.491,0.07584342604074287,False
回来,仅窗口 5 显著,10,1.946,0.0317796080780621,True,11,1.347,0.18990270207694596,False,13,1.153,0.33287321940847253,False
老者,仅窗口 5 显著,5,2.549,0.04301548553468224,True,6,1.925,0.0842765428296769,False,6,1.322,0.29600985158379817,False
独自,仅窗口 5 显著,5,2.844,0.028138061523995367,True,5,1.789,0.14031461280334376,False,6,1.533,0.1858633361456245,False
呆呆,仅窗口 5 显著,5,2.957,0.024028505329276265,True,5,1.861,0.12365796401048063,False,6,1.533,0.1858633361456245,False
始终,仅窗口 5 显著,5,3.697,0.009280440058693471,True,5,2.326,0.056123188812209894,False,5,1.597,0.19279218201969692,False
回到,仅窗口 5 显著,4,3.113,0.03571318115673707,True,4,1.959,0.1399721396936477,False,5,1.774,0.13791121383145358,False
赶紧,仅窗口 5 显著,4,4.225,0.012072388431609918,True,4,2.659,0.055283603708583526,False,4,1.825,0.16405803525596974,False
嘱咐,仅窗口 5 显著,3,3.697,0.04287953485302855,True,3,2.326,0.13064877309251985,False,4,2.129,0.10424201665728483,False
摇头,仅窗口 5 显著,3,4.436,0.02587698627007044,True,3,2.791,0.08361976591276694,False,3,1.916,0.19687923689277595,False
主人,仅窗口 5 显著,3,4.929,0.0190588448286889,True,3,3.102,0.06345994314233552,False,3,2.129,0.15493051976372382,False
拉到,仅窗口 5 显著,3,4.929,0.0190588448286889,True,3,3.102,0.06345994314233552,False,3,2.129,0.15493051976372382,False
把头,仅窗口 5 显著,3,4.436,0.02587698627007044,True,3,2.791,0.08361976591276694,False,3,1.916,0.19687923689277595,False
电影,仅窗口 5 显著,2,7.393,0.025025339222204426,True,2,4.652,0.05976429451420994,False,2,3.194,0.11806136580133869,False
一看,仅窗口 5 显著,2,7.393,0.025025339222204426,True,2,4.652,0.05976429451420994,False,2,3.194,0.11806136580133869,False
照常,仅窗口 5 显著,2,7.393,0.025025339222204426,True,2,4.652,0.05976429451420994,False,2,4.259,0.0657804047444446,False
背上,仅窗口 5 显著,2,7.393,0.025025339222204426,True,2,4.652,0.05976429451420994,False,2,3.194,0.11806136580133869,False
差点,仅窗口 5 显著,2,7.393,0.025025339222204426,True,2,4.652,0.05976429451420994,False,2,3.194,0.11806136580133869,False
大个子,仅窗口 5 显著,2,7.393,0.025025339222204426,True,2,4.652,0.05976429451420994,False,2,3.194,0.11806136580133869,False
打开,仅窗口 5 显著,2,7.393,0.025025339222204426,True,2,4.652,0.05976429451420994,False,2,3.194,0.11806136580133869,False
聪明,仅窗口 5 显著,2,7.393,0.025025339222204426,True,2,4.652,0.05976429451420994,False,2,3.194,0.11806136580133869,False
细细,仅窗口 5 显著,2,5.915,0.039851411920018114,True,2,3.722,0.09261071337208962,False,2,2.555,0.17687892452061518,False
例外,仅窗口 5 显著,2,7.393,0.025025339222204426,True,2,4.652,0.05976429451420994,False,2,3.194,0.11806136580133869,False
钱来,仅窗口 5 显著,2,7.393,0.025025339222204426,True,2,4.652,0.05976429451420994,False,2,3.194,0.11806136580133869,False
多半,仅窗口 5 显著,2,7.393,0.025025339222204426,True,2,4.652,0.05976429451420994,False,2,3.194,0.11806136580133869,False
态度,仅窗口 5 显著,2,7.393,0.025025339222204426,True,2,4.652,0.05976429451420994,False,2,3.194,0.11806136580133869,False
陪著,仅窗口 5 显著,2,5.915,0.039851411920018114,True,2,3.722,0.09261071337208962,False,2,2.555,0.17687892452061518,False
刚要,仅窗口 5 显著,2,5.915,0.039851411920018114,True,2,3.722,0.09261071337208962,False,2,2.555,0.17687892452061518,False
灰土,仅窗口 5 显著,2,5.915,0.039851411920018114,True,2,3.722,0.09261071337208962,False,2,2.555,0.17687892452061518,False
在家,仅窗口 5 显著,2,7.393,0.025025339222204426,True,2,4.652,0.05976429451420994,False,1,2.129,0.4000159130042414,False
女儿,仅窗口 10 显著,3,1.305,0.40652993942117943,False,8,2.189,0.024980537858520523,True,9,1.742,0.061521983419819765,False
工夫,仅窗口 10 显著,3,2.335,0.13346207377142547,False,5,2.449,0.046029729665440895,True,6,2.017,0.06363897021787727,False
口气,仅窗口 10 显著,3,2.957,0.0763231901336741,False,5,3.102,0.017057412640201334,True,5,2.129,0.07163417241633789,False
听著,仅窗口 10 显著,3,3.412,0.0530121036014964,False,4,2.863,0.043047210455278644,True,4,1.966,0.1327655305118967,False
微微,仅窗口 10 显著,2,2.275,0.21815129696507432,False,4,2.863,0.043047210455278644,True,4,1.966,0.1327655305118967,False
左右,仅窗口 10 显著,2,2.689,0.16776764502792146,False,4,3.384,0.02364049753063049,True,4,2.323,0.0788935235468612,False
厨子,仅窗口 10 显著,1,2.464,0.34305293085227445,False,3,4.652,0.019318028607892772,True,3,3.194,0.0528127148958626,False
脊背,仅窗口 10 显著,2,4.929,0.057131117481090087,False,3,4.652,0.019318028607892772,True,3,3.194,0.0528127148958626,False
客气,仅窗口 10 显著,2,4.929,0.057131117481090087,False,3,4.652,0.019318028607892772,True,3,3.194,0.0528127148958626,False
往下,仅窗口 10 显著,0,,,False,2,6.203,0.03216385669006664,True,2,4.259,0.0657804047444446,False
争辩,仅窗口 10 显著,1,4.929,0.18947362384323363,False,2,6.203,0.03216385669006664,True,2,4.259,0.0657804047444446,False
拉起车,仅窗口 10 显著,1,4.929,0.18947362384323363,False,2,6.203,0.03216385669006664,True,2,4.259,0.0657804047444446,False
镜子,仅窗口 10 显著,1,4.929,0.18947362384323363,False,2,6.203,0.03216385669006664,True,2,4.259,0.0657804047444446,False
两眼,仅窗口 10 显著,0,,,False,2,6.203,0.03216385669006664,True,2,4.259,0.0657804047444446,False
总在,仅窗口 10 显著,1,4.929,0.18947362384323363,False,2,6.203,0.03216385669006664,True,2,4.259,0.0657804047444446,False
低下头去,仅窗口 10 显著,1,4.929,0.18947362384323363,False,2,6.203,0.03216385669006664,True,2,4.259,0.0657804047444446,False
反攻,仅窗口 10 显著,1,4.929,0.18947362384323363,False,2,6.203,0.03216385669006664,True,2,4.259,0.0657804047444446,False
商量,仅窗口 10 显著,0,,,False,2,6.203,0.03216385669006664,True,1,3.194,0.28860407692089773,False
口齿,仅窗口 10 显著,1,7.393,0.1306822693470908,False,2,9.305,0.011548508738229882,True,1,6.388,0.15653941721299375,False
刺儿头,仅窗口 10 显著,1,7.393,0.1306822693470908,False,2,9.305,0.011548508738229882,True,1,6.388,0.15653941721299375,False
大意,仅窗口 10 显著,1,4.929,0.18947362384323363,False,2,6.203,0.03216385669006664,True,1,3.194,0.28860407692089773,False
强子,仅句子模式显著,4,1.792,0.1813400879721318,False,6,1.692,0.13704142582662712,False,10,1.996,0.020300877389393332,True
侦探,仅句子模式显著,2,1.056,0.5733900333920673,False,5,1.662,0.17629456488341183,False,8,1.893,0.04901434141266582,True
听见,仅句子模式显著,3,2.609,0.10331419905903445,False,4,2.189,0.10172975316791669,False,8,3.194,0.0013813842964927516,True
不到,仅句子模式显著,2,1.137,0.532734439480709,False,2,0.716,0.7851649945161142,False,8,1.966,0.03973996813857144,True
不愿,仅句子模式显著,2,1.183,0.5114325142287676,False,4,1.489,0.2786727786812774,False,7,2.033,0.04476789992795721,True
表示,仅句子模式显著,2,2.112,0.2438135996405354,False,3,1.994,0.18465077929682389,False,7,3.194,0.002795880059375066,True
陈二,仅句子模式显著,2,2.464,0.19274526706154263,False,3,2.326,0.13064877309251985,False,7,3.726,0.0008602569354828891,True
一辆,仅句子模式显著,4,2.689,0.05745561065378116,False,5,2.115,0.07980120459336625,False,6,2.129,0.049906289856795676,True
一场,仅句子模式显著,3,2.957,0.0763231901336741,False,4,2.481,0.06918403696793171,False,6,2.555,0.02033446121968608,True
手中,仅句子模式显著,1,0.87,0.6959381322330597,False,3,1.642,0.27357119376429373,False,6,2.255,0.03815758784843064,True
这辆,仅句子模式显著,2,1.972,0.2695813547727955,False,4,2.481,0.06918403696793171,False,5,2.457,0.040064110441307914,True
一同,仅句子模式显著,1,1.479,0.5035503114051464,False,3,2.791,0.08361976591276694,False,5,3.194,0.011759518186109838,True
工钱,仅句子模式显著,2,2.464,0.19274526706154263,False,3,2.326,0.13064877309251985,False,5,2.662,0.028196537354618308,True
真想,仅句子模式显著,2,2.464,0.19274526706154263,False,3,2.326,0.13064877309251985,False,5,2.662,0.028196537354618308,True
不大,仅句子模式显著,1,1.056,0.6248429375623942,False,2,1.329,0.4532697761125243,False,5,2.457,0.040064110441307914,True
一遍,仅句子模式显著,1,1.643,0.4675366979416824,False,3,3.102,0.06345994314233552,False,4,2.839,0.03893391514819713,True
发著,仅句子模式显著,1,1.848,0.42891114686582993,False,2,2.326,0.20937903030701052,False,4,3.194,0.024624867648922244,True
停住,仅句子模式显著,1,1.643,0.4675366979416824,False,2,2.068,0.2510701979422093,False,4,2.839,0.03893391514819713,True
喜爱,仅句子模式显著,1,3.697,0.24428971852602122,False,2,4.652,0.05976429451420994,False,3,4.791,0.013499443685665713,True
难受,仅句子模式显著,0,,,False,2,4.652,0.05976429451420994,False,3,4.791,0.013499443685665713,True
厂主,仅句子模式显著,2,4.929,0.057131117481090087,False,2,3.102,0.12925705577271496,False,3,3.833,0.029835027719692975,True
没人,仅句子模式显著,0,,,False,1,1.861,0.43362187854767653,False,3,3.833,0.029835027719692975,True
我要,仅句子模式显著,0,,,False,1,1.861,0.43362187854767653,False,3,3.833,0.029835027719692975,True
要求,仅句子模式显著,0,,,False,1,4.652,0.20339182408744974,False,2,6.388,0.024474757503651894,True
保单,仅句子模式显著,0,,,False,1,4.652,0.20339182408744974,False,2,6.388,0.024474757503651894,True
两三,仅句子模式显著,0,,,False,1,4.652,0.20339182408744974,False,2,6.388,0.024474757503651894,True
英雄好汉,仅句子模式显著,1,7.393,0.1306822693470908,False,1,4.652,0.20339182408744974,False,2,6.388,0.024474757503651894,True
长脸,仅句子模式显著,1,7.393,0.1306822693470908,False,1,4.652,0.20339182408744974,False,2,6.388,0.024474757503651894,True
一把死拿,仅句子模式显著,1,7.393,0.1306822693470908,False,1,4.652,0.20339182408744974,False,2,6.388,0.024474757503651894,True
九个,仅句子模式显著,0,,,False,1,4.652,0.20339182408744974,False,2,6.388,0.024474757503651894,True
心想,仅句子模式显著,0,,,False,1,4.652,0.20339182408744974,False,2,6.388,0.024474757503651894,True
适当,仅句子模式显著,1,7.393,0.1306822693470908,False,1,4.652,0.20339182408744974,False,2,6.388,0.024474757503651894,True
四天,仅句子模式显著,0,,,False,1,4.652,0.20339182408744974,False,2,6.388,0.024474757503651894,True
已足,仅句子模式显著,0,,,False,1,4.652,0.20339182408744974,False,2,6.388,0.024474757503651894,True
三十块,仅句子模式显著,0,,,False,1,4.652,0.20339182408744974,False,2,6.388,0.024474757503651894,True
好消息,仅句子模式显著,1,7.393,0.1306822693470908,False,1,4.652,0.20339182408744974,False,2,6.388,0.024474757503651894,True
要坏,仅句子模式显著,1,7.393,0.1306822693470908,False,1,4.652,0.20339182408744974,False,2,6.388,0.024474757503651894,True
找钱,仅句子模式显著,0,,,False,1,4.652,0.20339182408744974,False,2,6.388,0.024474757503651894,True
一打,仅句子模式显著,1,7.393,0.1306822693470908,False,1,4.652,0.20339182408744974,False,2,6.388,0.024474757503651894,True
几点钟,仅句子模式显著,1,7.393,0.1306822693470908,False,1,4.652,0.20339182408744974,False,2,6.388,0.024474757503651894,True
新鲜,仅句子模式显著,1,7.393,0.1306822693470908,False,1,4.652,0.20339182408744974,False,2,6.388,0.024474757503651894,True
桥头,仅句子模式显著,0,,,False,1,4.652,0.20339182408744974,False,2,6.388,0.024474757503651894,True
夫妇,仅句子模式显著,0,,,False,0,,,False,2,6.388,0.024474757503651894,True
四爷,三组都不显著,7,1.344,0.2642941144912225,False,13,1.571,0.06636054830064544,False,15,1.278,0.18588763026121446,False
