run,collocate,obs_local,exp_local,ratio_local,obs_global,p_value,significant,is_stopword,is_single_char
window5,说,44,23.67,1.859,350,5.954466626973782e-05,True,True,True
window5,他,69,167.04,0.413,2470,1.0,False,True,True
window5,车,16,17.177,0.931,254,0.651597615183032,False,False,True
window5,钱,15,15.216,0.986,225,0.5608294904159451,False,False,True
window5,买车,0,,,,,False,False,False
window5,拉车,8,7.033,1.137,104,0.40635292600463346,False,False,False
window10,说,64,37.615,1.701,350,1.6818193968174226e-05,True,True,True
window10,他,139,265.451,0.524,2470,1.0,False,True,True
window10,车,32,27.297,1.172,254,0.19473771548671873,False,False,True
window10,钱,21,24.181,0.868,225,0.7832661587077158,False,False,True
window10,买车,2,3.224,0.62,30,0.84779115726475,False,False,False
window10,拉车,11,11.177,0.984,104,0.5690735649873844,False,False,False
sentence,说,76,47.901,1.587,306,1.0455799631862965e-05,True,True,True
sentence,他,169,274.257,0.616,1752,1.0,False,True,True
sentence,车,44,35.691,1.233,228,0.0746127709750709,False,False,True
sentence,钱,28,33.343,0.84,213,0.8720099471828153,False,False,True
sentence,买车,2,4.54,0.441,29,0.9546916315845659,False,False,False
sentence,拉车,16,14.871,1.076,95,0.41695322268290014,False,False,False
